iterations,runtime
512,1.96868991851807
200,1.99729347229004
100,1.90298581123352
50,1.99565815925598
26,1.97639656066895
