iterations,runtime
26,1.92393803596497
50,1.97336530685425
100,1.90885829925537
200,1.88933300971985
512,1.9667181968689
